indexname,gvkey,tic,companyname,primaryflag,fromdate
S&P 500,007435,MMM,3M Company,1,2009-12-18
S&P 500,009771,AOS,A. O. Smith Corporation,1,2017-07-26
S&P 500,001598,AME,"AMETEK, Inc.",1,2013-09-23
S&P 500,001678,APA,APA Corporation,1,2021-03-02
S&P 500,009899,T,AT&T Inc.,1,2009-12-18
S&P 500,016101,ABBV,AbbVie Inc.,1,2013-01-02
S&P 500,001078,ABT,Abbott Laboratories,1,2009-12-18
S&P 500,143357,ACN,Accenture plc,1,2011-07-06
S&P 500,012540,ADBE,Adobe Inc.,1,2009-12-18
S&P 500,001161,AMD,"Advanced Micro Devices, Inc.",1,2017-03-20
S&P 500,001449,AFL,Aflac Incorporated,1,2009-12-18
S&P 500,126554,A,"Agilent Technologies, Inc.",1,2009-12-18
S&P 500,001209,APD,"Air Products and Chemicals, Inc.",1,2009-12-18
S&P 500,037460,ABNB,"Airbnb, Inc.",1,2023-09-18
S&P 500,125595,AKAM,"Akamai Technologies, Inc.",1,2009-12-18
S&P 500,029751,ALB,Albemarle Corporation,1,2016-07-01
S&P 500,064821,ARE,"Alexandria Real Estate Equities, Inc.",1,2017-03-20
S&P 500,141384,ALGN,"Align Technology, Inc.",1,2017-06-19
S&P 500,316056,ALLE,Allegion plc,1,2013-12-02
S&P 500,011554,LNT,Alliant Energy Corporation,1,2016-07-01
S&P 500,160329,GOOG,Alphabet Inc.,0,2015-10-05
S&P 500,160329,GOOGL,Alphabet Inc.,1,2015-10-05
S&P 500,008543,MO,"Altria Group, Inc.",1,2009-12-18
S&P 500,064768,AMZN,"Amazon.com, Inc.",1,2009-12-18
S&P 500,100243,AMCR,Amcor plc,1,2019-06-11
S&P 500,010860,AEE,Ameren Corporation,1,2009-12-18
S&P 500,001440,AEP,"American Electric Power Company, Inc.",1,2009-12-18
S&P 500,001447,AXP,American Express Company,1,2009-12-18
S&P 500,001487,AIG,"American International Group, Inc.",1,2009-12-18
S&P 500,105365,AMT,American Tower Corporation,1,2012-01-03
S&P 500,179437,AWK,"American Water Works Company, Inc.",1,2016-03-04
S&P 500,164708,AMP,"Ameriprise Financial, Inc.",1,2009-12-18
S&P 500,001602,AMGN,Amgen Inc.,1,2009-12-18
S&P 500,014282,APH,Amphenol Corporation,1,2009-12-18
S&P 500,001632,ADI,"Analog Devices, Inc.",1,2009-12-18
S&P 500,003221,AON,Aon plc,1,2020-04-01
S&P 500,184254,APO,"Apollo Global Management, Inc.",1,2024-12-23
S&P 500,001690,AAPL,Apple Inc.,1,2009-12-18
S&P 500,001704,AMAT,"Applied Materials, Inc.",1,2009-12-18
S&P 500,118122,APTV,Aptiv PLC,1,2024-12-18
S&P 500,061302,ACGL,Arch Capital Group Ltd.,1,2022-11-01
S&P 500,001722,ADM,Archer-Daniels-Midland Company,1,2009-12-18
S&P 500,020748,ANET,Arista Networks Inc,1,2024-12-04
S&P 500,004973,AJG,Arthur J. Gallagher & Co.,1,2016-05-31
S&P 500,157057,AIZ,"Assurant, Inc.",1,2009-12-18
S&P 500,004383,ATO,Atmos Energy Corporation,1,2019-02-15
S&P 500,023809,AZO,"AutoZone, Inc.",1,2009-12-18
S&P 500,001878,ADSK,"Autodesk, Inc.",1,2009-12-18
S&P 500,001891,ADP,"Automatic Data Processing, Inc.",1,2009-12-18
S&P 500,029875,AVB,"AvalonBay Communities, Inc.",1,2009-12-18
S&P 500,001913,AVY,Avery Dennison Corporation,1,2009-12-18
S&P 500,143912,AXON,"Axon Enterprise, Inc.",1,2023-05-04
S&P 500,064925,BXP,"BXP, Inc.",1,2009-12-18
S&P 500,032106,BKR,Baker Hughes Company,1,2019-10-18
S&P 500,001988,BALL,Ball Corporation,1,2022-05-10
S&P 500,007647,BAC,Bank of America Corporation,1,2009-12-18
S&P 500,002086,BAX,Baxter International Inc.,1,2009-12-18
S&P 500,002111,BDX,"Becton, Dickinson and Company",1,2009-12-18
S&P 500,002176,BRK.B,Berkshire Hathaway Inc.,0,2010-02-16
S&P 500,002184,BBY,"Best Buy Co., Inc.",1,2009-12-18
S&P 500,015414,TECH,Bio-Techne Corporation,1,2021-08-30
S&P 500,024468,BIIB,Biogen Inc.,1,2009-12-18
S&P 500,124434,BLK,"BlackRock, Inc.",1,2024-10-02
S&P 500,177088,BX,Blackstone Inc.,1,2023-09-18
S&P 500,026367,XYZ,"Block, Inc.",1,2025-07-23
S&P 500,119314,BKNG,Booking Holdings Inc.,1,2018-02-27
S&P 500,025279,BSX,Boston Scientific Corporation,1,2009-12-18
S&P 500,002403,BMY,Bristol-Myers Squibb Company,1,2009-12-18
S&P 500,180711,AVGO,Broadcom Inc.,1,2018-04-06
S&P 500,176928,BR,"Broadridge Financial Solutions, Inc.",1,2018-06-18
S&P 500,015417,BRO,"Brown & Brown, Inc.",1,2021-09-20
S&P 500,002435,BF.B,Brown-Forman Corporation,1,2009-12-18
S&P 500,163036,BLDR,"Builders FirstSource, Inc.",1,2023-12-18
S&P 500,144435,BG,Bunge Global SA,1,2023-11-01
S&P 500,065609,CHRW,"C.H. Robinson Worldwide, Inc.",1,2009-12-18
S&P 500,260774,CBRE,"CBRE Group, Inc.",1,2018-03-20
S&P 500,028320,CDW,CDW Corporation,1,2019-09-23
S&P 500,163946,CF,"CF Industries Holdings, Inc.",1,2009-12-18
S&P 500,149070,CME,CME Group Inc.,1,2009-12-18
S&P 500,003439,CMS,CMS Energy Corporation,1,2009-12-18
S&P 500,002574,CSX,CSX Corporation,1,2009-12-18
S&P 500,007241,CVS,CVS Health Corporation,1,2009-12-18
S&P 500,013421,CDNS,"Cadence Design Systems, Inc.",1,2017-09-18
S&P 500,021808,CZR,"Caesars Entertainment, Inc.",1,2021-03-22
S&P 500,028629,CPT,Camden Property Trust,1,2022-04-04
S&P 500,030990,COF,Capital One Financial Corporation,1,2009-12-18
S&P 500,064410,KMX,"CarMax, Inc.",1,2010-06-28
S&P 500,002751,CAH,"Cardinal Health, Inc.",1,2009-12-18
S&P 500,013498,CCL,Carnival Corporation & plc,1,2009-12-18
S&P 500,036191,CARR,Carrier Global Corporation,1,2020-04-03
S&P 500,002817,CAT,Caterpillar Inc.,1,2009-12-18
S&P 500,184500,CBOE,"Cboe Global Markets, Inc.",1,2017-03-01
S&P 500,031673,COR,"Cencora, Inc.",1,2023-08-30
S&P 500,145552,CNC,Centene Corporation,1,2016-03-30
S&P 500,005742,CNP,"CenterPoint Energy, Inc.",1,2009-12-18
S&P 500,137131,CRL,"Charles River Laboratories International, Inc.",1,2021-05-14
S&P 500,126136,CHTR,"Charter Communications, Inc.",1,2016-09-08
S&P 500,002991,CVX,Chevron Corporation,1,2009-12-18
S&P 500,165914,CMG,"Chipotle Mexican Grill, Inc.",1,2011-04-28
S&P 500,028034,CB,Chubb Limited,1,2016-01-15
S&P 500,003026,CHD,"Church & Dwight Co., Inc.",1,2015-12-29
S&P 500,014824,CINF,Cincinnati Financial Corporation,1,2009-12-18
S&P 500,003062,CTAS,Cintas Corporation,1,2009-12-18
S&P 500,020779,CSCO,"Cisco Systems, Inc.",1,2009-12-18
S&P 500,003243,C,Citigroup Inc.,1,2011-05-09
S&P 500,021825,CFG,"Citizens Financial Group, Inc.",1,2016-02-01
S&P 500,112111,CSGP,"CoStar Group, Inc.",1,2022-09-19
S&P 500,111864,CTSH,Cognizant Technology Solutions Corporation,1,2009-12-18
S&P 500,034749,COIN,"Coinbase Global, Inc.",1,2025-05-19
S&P 500,003170,CL,Colgate-Palmolive Company,1,2009-12-18
S&P 500,003226,CMCSA,Comcast Corporation,1,2009-12-18
S&P 500,003362,CAG,"Conagra Brands, Inc.",1,2009-12-18
S&P 500,008549,COP,ConocoPhillips,1,2009-12-18
S&P 500,003413,ED,"Consolidated Edison, Inc.",1,2009-12-18
S&P 500,002710,STZ,"Constellation Brands, Inc.",1,2009-12-18
S&P 500,040614,CEG,Constellation Energy Corporation,1,2022-02-02
S&P 500,029901,CPRT,"Copart, Inc.",1,2018-07-02
S&P 500,003532,GLW,Corning Incorporated,1,2009-12-18
S&P 500,184700,CPAY,"Corpay, Inc.",1,2024-03-25
S&P 500,035168,CTVA,"Corteva, Inc.",1,2019-06-03
S&P 500,029028,COST,Costco Wholesale Corporation,1,2009-12-18
S&P 500,020548,CTRA,Coterra Energy Inc.,1,2021-10-04
S&P 500,035182,CRWD,"CrowdStrike Holdings, Inc.",1,2024-06-24
S&P 500,113490,CCI,Crown Castle Inc.,1,2014-12-16
S&P 500,003650,CMI,Cummins Inc.,1,2009-12-18
S&P 500,025340,DHI,"D.R. Horton, Inc.",1,2009-12-18
S&P 500,003897,DTE,DTE Energy Company,1,2009-12-18
S&P 500,061483,DVA,DaVita Inc.,1,2009-12-18
S&P 500,003735,DHR,Danaher Corporation,1,2009-12-18
S&P 500,031846,DRI,"Darden Restaurants, Inc.",1,2009-12-18
S&P 500,035620,DDOG,"Datadog, Inc.",1,2025-07-09
S&P 500,023546,DAY,Dayforce Inc.,1,2024-02-01
S&P 500,029015,DECK,Deckers Outdoor Corporation,1,2024-03-18
S&P 500,003835,DE,Deere & Company,1,2009-12-18
S&P 500,014489,DELL,Dell Technologies Inc.,1,2024-09-23
S&P 500,003851,DAL,"Delta Air Lines, Inc.",1,2013-09-11
S&P 500,014934,DVN,Devon Energy Corporation,1,2009-12-18
S&P 500,162887,DXCM,"DexCom, Inc.",1,2020-05-12
S&P 500,170750,FANG,"Diamondback Energy, Inc.",1,2018-12-03
S&P 500,160991,DLR,"Digital Realty Trust, Inc.",1,2016-05-18
S&P 500,004016,DG,Dollar General Corporation,1,2012-12-03
S&P 500,031587,DLTR,"Dollar Tree, Inc.",1,2011-12-19
S&P 500,004029,D,"Dominion Energy, Inc.",1,2009-12-18
S&P 500,160211,DPZ,"Domino's Pizza, Inc.",1,2020-05-12
S&P 500,037420,DASH,"DoorDash, Inc.",1,2025-03-24
S&P 500,004058,DOV,Dover Corporation,1,2009-12-18
S&P 500,034443,DOW,Dow Inc.,1,2019-04-02
S&P 500,004060,DD,"DuPont de Nemours, Inc.",1,2019-06-03
S&P 500,004093,DUK,Duke Energy Corporation,1,2012-07-03
S&P 500,016478,EOG,"EOG Resources, Inc.",1,2009-12-18
S&P 500,187697,EPAM,"EPAM Systems, Inc.",1,2021-12-14
S&P 500,004430,EQT,EQT Corporation,1,2022-10-03
S&P 500,029392,EMN,Eastman Chemical Company,1,2009-12-18
S&P 500,004199,ETN,Eaton Corporation plc,1,2012-12-03
S&P 500,004213,ECL,Ecolab Inc.,1,2009-12-18
S&P 500,009846,EIX,Edison International,1,2009-12-18
S&P 500,133366,EW,Edwards Lifesciences Corporation,1,2011-04-01
S&P 500,016721,EA,Electronic Arts Inc.,1,2011-12-20
S&P 500,145046,ELV,"Elevance Health, Inc.",1,2022-06-28
S&P 500,006730,LLY,Eli Lilly and Company,1,2009-12-18
S&P 500,004321,EMR,Emerson Electric Co.,1,2009-12-18
S&P 500,187450,ENPH,"Enphase Energy, Inc.",1,2021-01-07
S&P 500,007366,ETR,Entergy Corporation,1,2009-12-18
S&P 500,004423,EFX,Equifax Inc.,1,2009-12-18
S&P 500,138743,EQIX,"Equinix, Inc.",1,2015-03-23
S&P 500,028733,EQR,Equity Residential,1,2009-12-18
S&P 500,061380,ERIE,Erie Indemnity Company,1,2024-09-23
S&P 500,030293,ESS,"Essex Property Trust, Inc.",1,2014-04-02
S&P 500,061388,EG,"Everest Group, Ltd.",1,2023-07-10
S&P 500,006338,EVRG,"Evergy, Inc.",1,2018-06-05
S&P 500,007970,ES,Eversource Energy,1,2015-02-19
S&P 500,008539,EXC,Exelon Corporation,1,2009-12-18
S&P 500,027786,EXE,Expand Energy Corporation,1,2025-03-24
S&P 500,126296,EXPE,"Expedia Group, Inc.",1,2011-12-21
S&P 500,004494,EXPD,"Expeditors International of Washington, Inc.",1,2009-12-18
S&P 500,160479,EXR,Extra Space Storage Inc.,1,2016-01-19
S&P 500,004503,XOM,Exxon Mobil Corporation,1,2009-12-18
S&P 500,121077,FFIV,"F5, Inc.",1,2010-12-20
S&P 500,063172,FDS,FactSet Research Systems Inc.,1,2021-12-20
S&P 500,013824,FICO,Fair Isaac Corporation,1,2023-03-20
S&P 500,014225,FAST,Fastenal Company,1,2009-12-18
S&P 500,004598,FDX,FedEx Corporation,1,2009-12-18
S&P 500,004605,FRT,Federal Realty Investment Trust,1,2022-01-03
S&P 500,165993,FIS,"Fidelity National Information Services, Inc.",1,2009-12-18
S&P 500,004640,FITB,Fifth Third Bancorp,1,2009-12-18
S&P 500,175404,FSLR,"First Solar, Inc.",1,2022-12-19
S&P 500,008099,FE,FirstEnergy Corp.,1,2009-12-18
S&P 500,012635,FI,"Fiserv, Inc.",1,2023-06-07
S&P 500,004839,F,Ford Motor Company,1,2009-12-18
S&P 500,183377,FTNT,"Fortinet, Inc.",1,2018-10-11
S&P 500,026590,FTV,Fortive Corporation,1,2016-07-05
S&P 500,034636,FOX,Fox Corporation,0,2019-03-19
S&P 500,034636,FOXA,Fox Corporation,1,2019-03-19
S&P 500,004885,BEN,"Franklin Resources, Inc.",1,2009-12-18
S&P 500,014590,FCX,Freeport-McMoRan Inc.,1,2009-12-18
S&P 500,041818,GEHC,GE HealthCare Technologies Inc.,1,2023-01-04
S&P 500,045169,GEV,GE Vernova Inc.,1,2024-04-02
S&P 500,141459,GRMN,Garmin Ltd.,1,2012-12-12
S&P 500,012441,IT,"Gartner, Inc.",1,2017-04-05
S&P 500,015855,GEN,Gen Digital Inc.,1,2022-11-08
S&P 500,183736,GNRC,Generac Holdings Inc.,1,2021-03-22
S&P 500,005046,GD,General Dynamics Corporation,1,2009-12-18
S&P 500,005047,GE,General Electric Company,1,2021-08-02
S&P 500,005071,GIS,"General Mills, Inc.",1,2009-12-18
S&P 500,005073,GM,General Motors Company,1,2013-06-07
S&P 500,005125,GPC,Genuine Parts Company,1,2009-12-18
S&P 500,024856,GILD,"Gilead Sciences, Inc.",1,2009-12-18
S&P 500,141913,GPN,Global Payments Inc.,1,2016-04-25
S&P 500,010614,GL,Globe Life Inc.,1,2019-08-09
S&P 500,023071,GDDY,GoDaddy Inc.,1,2024-06-24
S&P 500,022260,HCA,"HCA Healthcare, Inc.",1,2015-01-27
S&P 500,005606,HPQ,HP Inc.,1,2015-11-02
S&P 500,005439,HAL,Halliburton Company,1,2009-12-18
S&P 500,005518,HAS,"Hasbro, Inc.",1,2009-12-18
S&P 500,013125,DOC,"Healthpeak Properties, Inc.",1,2024-03-04
S&P 500,061494,HSIC,"Henry Schein, Inc.",1,2015-03-18
S&P 500,026156,HPE,Hewlett Packard Enterprise Company,1,2015-11-02
S&P 500,005643,HLT,Hilton Worldwide Holdings Inc.,1,2017-06-19
S&P 500,020904,HOLX,"Hologic, Inc.",1,2016-03-30
S&P 500,001300,HON,Honeywell International Inc.,1,2009-12-18
S&P 500,005709,HRL,Hormel Foods Corporation,1,2009-12-18
S&P 500,007063,HST,"Host Hotels & Resorts, Inc.",1,2009-12-18
S&P 500,028192,HWM,Howmet Aerospace Inc.,1,2020-04-01
S&P 500,005764,HUBB,Hubbell Incorporated,1,2023-10-18
S&P 500,027914,HUM,Humana Inc.,1,2009-12-18
S&P 500,005786,HBAN,Huntington Bancshares Incorporated,1,2009-12-18
S&P 500,186310,HII,"Huntington Ingalls Industries, Inc.",1,2018-01-03
S&P 500,015267,IEX,IDEX Corporation,1,2019-08-09
S&P 500,024197,IDXX,"IDEXX Laboratories, Inc.",1,2017-01-05
S&P 500,017928,IQV,IQVIA Holdings Inc.,1,2017-11-15
S&P 500,005878,ITW,Illinois Tool Works Inc.,1,2009-12-18
S&P 500,029127,INCY,Incyte Corporation,1,2017-02-28
S&P 500,030098,IR,Ingersoll Rand Inc.,1,2020-03-03
S&P 500,177227,PODD,Insulet Corporation,1,2023-03-15
S&P 500,006008,INTC,Intel Corporation,1,2009-12-18
S&P 500,176701,IBKR,"Interactive Brokers Group, Inc.",1,2025-08-28
S&P 500,163610,ICE,"Intercontinental Exchange, Inc.",1,2013-11-13
S&P 500,006066,IBM,International Business Machines Corporation,1,2009-12-18
S&P 500,006078,IFF,International Flavors & Fragrances Inc.,1,2009-12-18
S&P 500,006104,IP,International Paper Company,1,2009-12-18
S&P 500,027928,INTU,Intuit Inc.,1,2009-12-18
S&P 500,136725,ISRG,"Intuitive Surgical, Inc.",1,2009-12-18
S&P 500,029804,IVZ,Invesco Ltd.,1,2009-12-18
S&P 500,030004,INVH,Invitation Homes Inc.,1,2022-09-19
S&P 500,062374,IRM,Iron Mountain Incorporated,1,2015-01-21
S&P 500,005783,JBHT,"J.B. Hunt Transport Services, Inc.",1,2015-07-01
S&P 500,002968,JPM,JPMorgan Chase & Co.,1,2009-12-18
S&P 500,028195,JBL,Jabil Inc.,1,2023-12-18
S&P 500,011811,JKHY,"Jack Henry & Associates, Inc.",1,2018-11-13
S&P 500,006216,J,Jacobs Solutions Inc.,1,2022-08-29
S&P 500,006266,JNJ,Johnson & Johnson,1,2009-12-18
S&P 500,006268,JCI,Johnson Controls International plc,1,2016-09-06
S&P 500,179741,KKR,KKR & Co. Inc.,1,2024-06-24
S&P 500,006304,KLAC,KLA Corporation,1,2009-12-18
S&P 500,006375,K,Kellanova,1,2023-10-04
S&P 500,041897,KVUE,Kenvue Inc.,1,2023-08-25
S&P 500,028877,KDP,Keurig Dr Pepper Inc.,1,2022-06-21
S&P 500,009783,KEY,KeyCorp,1,2009-12-18
S&P 500,020232,KEYS,"Keysight Technologies, Inc.",1,2018-11-06
S&P 500,006435,KMB,Kimberly-Clark Corporation,1,2009-12-18
S&P 500,024731,KIM,Kimco Realty Corporation,1,2009-12-18
S&P 500,006310,KMI,"Kinder Morgan, Inc.",1,2012-05-25
S&P 500,005492,LHX,"L3Harris Technologies, Inc.",1,2019-07-01
S&P 500,155394,LKQ,LKQ Corporation,1,2016-05-23
S&P 500,014960,LH,Labcorp Holdings Inc.,1,2024-05-20
S&P 500,006565,LRCX,Lam Research Corporation,1,2024-10-03
S&P 500,028790,LW,"Lamb Weston Holdings, Inc.",1,2018-12-03
S&P 500,161844,LVS,Las Vegas Sands Corp.,1,2019-10-03
S&P 500,165123,LDOS,"Leidos Holdings, Inc.",1,2019-08-09
S&P 500,006669,LEN,Lennar Corporation,1,2009-12-18
S&P 500,122380,LII,Lennox International Inc.,1,2024-12-23
S&P 500,025124,LIN,Linde plc,1,2023-03-02
S&P 500,165746,LYV,"Live Nation Entertainment, Inc.",1,2019-12-23
S&P 500,006774,LMT,Lockheed Martin Corporation,1,2009-12-18
S&P 500,006781,L,Loews Corporation,1,2009-12-18
S&P 500,006829,LOW,"Lowe's Companies, Inc.",1,2009-12-18
S&P 500,294524,LYB,LyondellBasell Industries N.V.,1,2012-09-05
S&P 500,004699,MTB,M&T Bank Corporation,1,2009-12-18
S&P 500,014418,MGM,MGM Resorts International,1,2017-07-26
S&P 500,178507,MSCI,MSCI Inc.,1,2018-04-04
S&P 500,186989,MPC,Marathon Petroleum Corporation,1,2011-07-01
S&P 500,158742,MKTX,MarketAxess Holdings Inc.,1,2019-07-01
S&P 500,028930,MAR,"Marriott International, Inc.",1,2009-12-18
S&P 500,007065,MMC,"Marsh & McLennan Companies, Inc.",1,2009-12-18
S&P 500,029733,MLM,"Martin Marietta Materials, Inc.",1,2014-07-02
S&P 500,007085,MAS,Masco Corporation,1,2009-12-18
S&P 500,160225,MA,Mastercard Incorporated,1,2009-12-18
S&P 500,026061,MTCH,"Match Group, Inc.",1,2021-09-20
S&P 500,007146,MKC,"McCormick & Company, Incorporated",1,2009-12-18
S&P 500,007154,MCD,McDonald's Corporation,1,2009-12-18
S&P 500,007171,MCK,McKesson Corporation,1,2009-12-18
S&P 500,007228,MDT,Medtronic plc,1,2015-01-27
S&P 500,007257,MRK,"Merck & Co., Inc.",1,2009-12-18
S&P 500,133768,MET,"MetLife, Inc.",1,2009-12-18
S&P 500,170617,META,"Meta Platforms, Inc.",1,2022-06-09
S&P 500,065772,MTD,Mettler-Toledo International Inc.,1,2016-09-06
S&P 500,027965,MCHP,Microchip Technology Incorporated,1,2009-12-18
S&P 500,007343,MU,"Micron Technology, Inc.",1,2009-12-18
S&P 500,012141,MSFT,Microsoft Corporation,1,2009-12-18
S&P 500,029649,MAA,"Mid-America Apartment Communities, Inc.",1,2016-12-02
S&P 500,034410,MRNA,"Moderna, Inc.",1,2021-07-21
S&P 500,025119,MHK,"Mohawk Industries, Inc.",1,2013-12-23
S&P 500,152149,MOH,"Molina Healthcare, Inc.",1,2022-03-02
S&P 500,003505,TAP,Molson Coors Beverage Company,1,2009-12-18
S&P 500,142953,MDLZ,"Mondelez International, Inc.",1,2012-10-02
S&P 500,160888,MPWR,"Monolithic Power Systems, Inc.",1,2021-02-12
S&P 500,024316,MNST,Monster Beverage Corporation,1,2015-06-15
S&P 500,139665,MCO,Moody's Corporation,1,2009-12-18
S&P 500,012124,MS,Morgan Stanley,1,2009-12-18
S&P 500,007585,MSI,"Motorola Solutions, Inc.",1,2011-01-04
S&P 500,007906,NKE,"NIKE, Inc.",1,2009-12-18
S&P 500,135990,NRG,"NRG Energy, Inc.",1,2010-01-29
S&P 500,117768,NVDA,NVIDIA Corporation,1,2009-12-18
S&P 500,012459,NVR,"NVR, Inc.",1,2019-09-26
S&P 500,184725,NXPI,NXP Semiconductors N.V.,1,2021-03-22
S&P 500,149337,NDAQ,"Nasdaq, Inc.",1,2009-12-18
S&P 500,061591,NTAP,"NetApp, Inc.",1,2009-12-18
S&P 500,147579,NFLX,"Netflix, Inc.",1,2010-12-20
S&P 500,007881,NEM,Newmont Corporation,1,2009-12-18
S&P 500,018043,NWSA,News Corporation,1,2013-07-01
S&P 500,018043,NWS,News Corporation,0,2015-09-21
S&P 500,004517,NEE,"NextEra Energy, Inc.",1,2010-06-23
S&P 500,007974,NI,NiSource Inc.,1,2009-12-18
S&P 500,007921,NDSN,Nordson Corporation,1,2022-02-15
S&P 500,007923,NSC,Norfolk Southern Corporation,1,2009-12-18
S&P 500,007982,NTRS,Northern Trust Corporation,1,2009-12-18
S&P 500,007985,NOC,Northrop Grumman Corporation,1,2009-12-18
S&P 500,104432,NCLH,Norwegian Cruise Line Holdings Ltd.,1,2017-10-13
S&P 500,008030,NUE,Nucor Corporation,1,2009-12-18
S&P 500,028180,ORLY,"O'Reilly Automotive, Inc.",1,2010-12-30
S&P 500,134932,ON,ON Semiconductor Corporation,1,2022-06-21
S&P 500,008151,OKE,"ONEOK, Inc.",1,2010-03-15
S&P 500,008068,OXY,Occidental Petroleum Corporation,1,2009-12-18
S&P 500,024617,ODFL,"Old Dominion Freight Line, Inc.",1,2019-12-09
S&P 500,004066,OMC,Omnicom Group Inc.,1,2009-12-18
S&P 500,012142,ORCL,Oracle Corporation,1,2009-12-18
S&P 500,036190,OTIS,Otis Worldwide Corporation,1,2020-04-03
S&P 500,008253,PCAR,PACCAR Inc,1,2009-12-18
S&P 500,008264,PCG,PG&E Corporation,1,2022-10-03
S&P 500,008247,PPG,"PPG Industries, Inc.",1,2009-12-18
S&P 500,008455,PPL,PPL Corporation,1,2009-12-18
S&P 500,018699,PTC,PTC Inc.,1,2021-04-20
S&P 500,128978,PKG,Packaging Corporation of America,1,2017-07-26
S&P 500,036910,PLTR,Palantir Technologies Inc.,1,2024-09-23
S&P 500,171067,PANW,"Palo Alto Networks, Inc.",1,2023-06-20
S&P 500,013714,PSKY,Paramount Skydance Corporation,1,2025-08-07
S&P 500,008358,PH,Parker-Hannifin Corporation,1,2009-12-18
S&P 500,024616,PYPL,"PayPal Holdings, Inc.",1,2015-07-20
S&P 500,008402,PAYX,"Paychex, Inc.",1,2009-12-18
S&P 500,020116,PAYC,"Paycom Software, Inc.",1,2020-01-28
S&P 500,008463,PNR,Pentair plc,1,2014-06-03
S&P 500,008479,PEP,"PepsiCo, Inc.",1,2009-12-18
S&P 500,008530,PFE,Pfizer Inc.,1,2009-12-18
S&P 500,179621,PM,Philip Morris International Inc.,1,2009-12-18
S&P 500,170841,PSX,Phillips 66,1,2012-05-01
S&P 500,001075,PNW,Pinnacle West Capital Corporation,1,2009-12-18
S&P 500,061420,POOL,Pool Corporation,1,2020-10-07
S&P 500,145701,PFG,"Principal Financial Group, Inc.",1,2009-12-18
S&P 500,029984,PLD,"Prologis, Inc.",1,2011-06-03
S&P 500,143356,PRU,"Prudential Financial, Inc.",1,2009-12-18
S&P 500,008810,PEG,Public Service Enterprise Group Incorporated,1,2009-12-18
S&P 500,010096,PSA,Public Storage,1,2009-12-18
S&P 500,008823,PHM,"PulteGroup, Inc.",1,2009-12-18
S&P 500,024800,QCOM,QUALCOMM Incorporated,1,2009-12-18
S&P 500,066446,PWR,"Quanta Services, Inc.",1,2009-12-18
S&P 500,064166,DGX,Quest Diagnostics Incorporated,1,2009-12-18
S&P 500,010983,RTX,RTX Corporation,1,2020-04-03
S&P 500,064891,RL,Ralph Lauren Corporation,1,2011-08-16
S&P 500,008898,RJF,"Raymond James Financial, Inc.",1,2017-03-20
S&P 500,030822,O,Realty Income Corporation,1,2015-04-07
S&P 500,029099,REG,Regency Centers Corporation,1,2017-03-02
S&P 500,023812,REGN,"Regeneron Pharmaceuticals, Inc.",1,2013-05-01
S&P 500,004674,RF,Regions Financial Corporation,1,2009-12-18
S&P 500,112168,RSG,"Republic Services, Inc.",1,2009-12-18
S&P 500,031887,RMD,ResMed Inc.,1,2017-07-26
S&P 500,004145,RVTY,"Revvity, Inc.",1,2023-05-16
S&P 500,009203,ROK,"Rockwell Automation, Inc.",1,2009-12-18
S&P 500,009225,ROL,"Rollins, Inc.",1,2018-10-01
S&P 500,024925,ROP,"Roper Technologies, Inc.",1,2009-12-23
S&P 500,009248,ROST,"Ross Stores, Inc.",1,2009-12-21
S&P 500,028191,RCL,Royal Caribbean Cruises Ltd.,1,2014-12-05
S&P 500,007163,SPGI,S&P Global Inc.,1,2016-04-28
S&P 500,121382,SBAC,SBA Communications Corporation,1,2017-09-01
S&P 500,025313,STE,STERIS plc,1,2019-12-23
S&P 500,157855,CRM,"Salesforce, Inc.",1,2009-12-18
S&P 500,009465,SLB,Schlumberger Limited,1,2009-12-18
S&P 500,150937,STX,Seagate Technology Holdings plc,1,2021-05-20
S&P 500,008272,SRE,Sempra,1,2009-12-18
S&P 500,171007,NOW,"ServiceNow, Inc.",1,2019-11-21
S&P 500,029389,SPG,"Simon Property Group, Inc.",1,2009-12-18
S&P 500,001327,SWKS,"Skyworks Solutions, Inc.",1,2015-03-12
S&P 500,283184,SW,Smurfit Westrock Plc,1,2024-07-08
S&P 500,009778,SNA,Snap-on Incorporated,1,2009-12-18
S&P 500,045167,SOLV,Solventum Corporation,1,2024-04-01
S&P 500,009882,LUV,Southwest Airlines Co.,1,2009-12-18
S&P 500,010016,SWK,"Stanley Black & Decker, Inc.",1,2010-03-15
S&P 500,025434,SBUX,Starbucks Corporation,1,2009-12-18
S&P 500,010035,STT,State Street Corporation,1,2009-12-18
S&P 500,064030,STLD,"Steel Dynamics, Inc.",1,2022-12-22
S&P 500,010115,SYK,Stryker Corporation,1,2009-12-18
S&P 500,176567,SMCI,"Super Micro Computer, Inc.",1,2024-10-01
S&P 500,020686,SYF,Synchrony Financial,1,2015-11-23
S&P 500,024975,SNPS,"Synopsys, Inc.",1,2017-03-16
S&P 500,010247,SYY,Sysco Corporation,1,2009-12-18
S&P 500,017874,TMUS,"T-Mobile US, Inc.",1,2019-07-15
S&P 500,012138,TROW,"T. Rowe Price Group, Inc.",1,2009-12-18
S&P 500,177267,TEL,TE Connectivity plc,1,2024-09-30
S&P 500,125240,TKO,"TKO Group Holdings, Inc.",1,2025-03-24
S&P 500,064630,TTWO,"Take-Two Interactive Software, Inc.",1,2018-03-19
S&P 500,140541,TPR,"Tapestry, Inc.",1,2017-10-31
S&P 500,185532,TRGP,Targa Resources Corp.,1,2022-10-12
S&P 500,003813,TGT,Target Corporation,1,2009-12-18
S&P 500,126721,TDY,Teledyne Technologies Incorporated,1,2020-06-22
S&P 500,010453,TER,"Teradyne, Inc.",1,2020-09-21
S&P 500,184996,TSLA,"Tesla, Inc.",1,2020-12-21
S&P 500,010499,TXN,Texas Instruments Incorporated,1,2009-12-18
S&P 500,010504,TPL,Texas Pacific Land Corporation,1,2024-11-26
S&P 500,010519,TXT,Textron Inc.,1,2009-12-18
S&P 500,024216,AES,The AES Corporation,1,2009-12-18
S&P 500,028349,ALL,The Allstate Corporation,1,2009-12-18
S&P 500,002019,BK,The Bank of New York Mellon Corporation,1,2009-12-18
S&P 500,002285,BA,The Boeing Company,1,2009-12-18
S&P 500,002663,CPB,The Campbell's Company,1,2009-12-18
S&P 500,013988,SCHW,The Charles Schwab Corporation,1,2009-12-18
S&P 500,002547,CI,The Cigna Group,1,2018-12-21
S&P 500,003121,CLX,The Clorox Company,1,2009-12-18
S&P 500,003144,KO,The Coca-Cola Company,1,2009-12-18
S&P 500,003504,COO,"The Cooper Companies, Inc.",1,2024-02-20
S&P 500,061567,EL,The Est√©e Lauder Companies Inc.,1,2009-12-18
S&P 500,114628,GS,"The Goldman Sachs Group, Inc.",1,2009-12-18
S&P 500,061739,HIG,"The Hartford Insurance Group, Inc.",1,2009-12-18
S&P 500,005597,HSY,The Hershey Company,1,2009-12-18
S&P 500,005680,HD,"The Home Depot, Inc.",1,2009-12-18
S&P 500,006136,IPG,"The Interpublic Group of Companies, Inc.",1,2009-12-18
S&P 500,009777,SJM,The J. M. Smucker Company,1,2009-12-18
S&P 500,005568,KHC,The Kraft Heinz Company,1,2015-07-06
S&P 500,006502,KR,The Kroger Co.,1,2009-12-18
S&P 500,162129,MOS,The Mosaic Company,1,2011-09-26
S&P 500,008245,PNC,"The PNC Financial Services Group, Inc.",1,2009-12-18
S&P 500,008762,PG,The Procter & Gamble Company,1,2009-12-18
S&P 500,013341,PGR,The Progressive Corporation,1,2009-12-18
S&P 500,009667,SHW,The Sherwin-Williams Company,1,2009-12-18
S&P 500,009850,SO,The Southern Company,1,2009-12-18
S&P 500,011672,TJX,"The TJX Companies, Inc.",1,2009-12-18
S&P 500,027885,TTD,"The Trade Desk, Inc.",1,2025-07-18
S&P 500,062689,TRV,"The Travelers Companies, Inc.",1,2009-12-18
S&P 500,003980,DIS,The Walt Disney Company,1,2009-12-18
S&P 500,011506,WMB,"The Williams Companies, Inc.",1,2009-12-18
S&P 500,010530,TMO,Thermo Fisher Scientific Inc.,1,2009-12-18
S&P 500,029736,TSCO,Tractor Supply Company,1,2014-01-24
S&P 500,005959,TT,Trane Technologies plc,1,2020-03-02
S&P 500,148349,TDG,TransDigm Group Incorporated,1,2016-06-03
S&P 500,022815,TRMB,Trimble Inc.,1,2021-01-21
S&P 500,011856,TFC,Truist Financial Corporation,1,2019-12-09
S&P 500,010789,TYL,"Tyler Technologies, Inc.",1,2020-06-22
S&P 500,010793,TSN,"Tyson Foods, Inc.",1,2009-12-18
S&P 500,004723,USB,U.S. Bancorp,1,2009-12-18
S&P 500,010894,UDR,"UDR, Inc.",1,2016-03-07
S&P 500,035077,UBER,"Uber Technologies, Inc.",1,2023-12-18
S&P 500,178704,ULTA,"Ulta Beauty, Inc.",1,2016-04-18
S&P 500,010867,UNP,Union Pacific Corporation,1,2009-12-18
S&P 500,010795,UAL,"United Airlines Holdings, Inc.",1,2015-09-03
S&P 500,010920,UPS,"United Parcel Service, Inc.",1,2009-12-18
S&P 500,066065,URI,"United Rentals, Inc.",1,2014-09-22
S&P 500,010903,UNH,UnitedHealth Group Incorporated,1,2009-12-18
S&P 500,011032,UHS,"Universal Health Services, Inc.",1,2014-09-22
S&P 500,032580,VICI,VICI Properties Inc.,1,2022-06-08
S&P 500,015247,VLO,Valero Energy Corporation,1,2009-12-18
S&P 500,110179,VTR,"Ventas, Inc.",1,2009-12-18
S&P 500,043197,VLTO,Veralto Corporation,1,2023-10-02
S&P 500,066368,VRSN,"VeriSign, Inc.",1,2009-12-18
S&P 500,180652,VRSK,"Verisk Analytics, Inc.",1,2015-10-08
S&P 500,002136,VZ,Verizon Communications Inc.,1,2009-12-18
S&P 500,024344,VRTX,Vertex Pharmaceuticals Incorporated,1,2013-09-23
S&P 500,007637,VTRS,Viatris Inc.,1,2020-11-17
S&P 500,179534,V,Visa Inc.,1,2009-12-21
S&P 500,157373,VST,Vistra Corp.,1,2024-05-08
S&P 500,011228,VMC,Vulcan Materials Company,1,2009-12-18
S&P 500,014822,WRB,W. R. Berkley Corporation,1,2019-12-05
S&P 500,005256,GWW,"W.W. Grainger, Inc.",1,2009-12-18
S&P 500,011550,WEC,"WEC Energy Group, Inc.",1,2015-06-30
S&P 500,011259,WMT,Walmart Inc.,1,2009-12-18
S&P 500,164296,WBD,"Warner Bros. Discovery, Inc.",1,2022-04-11
S&P 500,014477,WM,"Waste Management, Inc.",1,2009-12-18
S&P 500,061574,WAT,Waters Corporation,1,2009-12-18
S&P 500,008007,WFC,Wells Fargo & Company,1,2009-12-18
S&P 500,005543,WELL,Welltower Inc.,1,2018-02-28
S&P 500,011376,WST,"West Pharmaceutical Services, Inc.",1,2020-05-22
S&P 500,011399,WDC,Western Digital Corporation,1,2009-12-18
S&P 500,060979,WAB,Westinghouse Air Brake Technologies Corporation,1,2019-02-27
S&P 500,011456,WY,Weyerhaeuser Company,1,2009-12-18
S&P 500,011511,WSM,"Williams-Sonoma, Inc.",1,2025-03-24
S&P 500,144009,WTW,Willis Towers Watson Public Limited Company,1,2022-01-10
S&P 500,015044,WDAY,"Workday, Inc.",1,2024-12-23
S&P 500,149318,WYNN,"Wynn Resorts, Limited",1,2009-12-18
S&P 500,007977,XEL,Xcel Energy Inc.,1,2009-12-18
S&P 500,189491,XYL,Xylem Inc.,1,2011-11-01
S&P 500,065417,YUM,"Yum! Brands, Inc.",1,2009-12-18
S&P 500,024405,ZBRA,Zebra Technologies Corporation,1,2019-12-23
S&P 500,144559,ZBH,"Zimmer Biomet Holdings, Inc.",1,2015-06-29
S&P 500,013721,ZTS,Zoetis Inc.,1,2013-06-28
S&P 500,114524,EBAY,eBay Inc.,1,2009-12-18
S&P 500,178015,LULU,lululemon athletica inc.,1,2023-10-18
